{
  "world": "uhc_practice",
  "x": 193.09816450328506,
  "y": 62.0,
  "z": -1259.0124667743166,
  "pitch": 1.0098116,
  "yaw": -89.64478
}